[{"model": "admin.logentry", "pk": 1, "fields": {"action_time": "2023-02-08T12:36:20.925Z", "user": 5, "content_type": 3, "object_id": "1", "object_repr": "Sędziowie", "action_flag": 1, "change_message": "[{\"added\": {}}]"}}, {"model": "admin.logentry", "pk": 2, "fields": {"action_time": "2023-02-08T12:37:20.569Z", "user": 5, "content_type": 3, "object_id": "2", "object_repr": "Komisja szkoleniowa", "action_flag": 1, "change_message": "[{\"added\": {}}]"}}, {"model": "admin.logentry", "pk": 3, "fields": {"action_time": "2023-02-08T12:38:32.304Z", "user": 5, "content_type": 3, "object_id": "3", "object_repr": "Organizator", "action_flag": 1, "change_message": "[{\"added\": {}}]"}}, {"model": "admin.logentry", "pk": 4, "fields": {"action_time": "2023-02-08T12:38:39.563Z", "user": 5, "content_type": 3, "object_id": "4", "object_repr": "admin", "action_flag": 1, "change_message": "[{\"added\": {}}]"}}, {"model": "admin.logentry", "pk": 5, "fields": {"action_time": "2023-02-08T21:54:55.902Z", "user": 5, "content_type": 7, "object_id": "7", "object_repr": "testuprawnien komisjaszk", "action_flag": 2, "change_message": "[{\"changed\": {\"fields\": [\"Groups\"]}}]"}}, {"model": "admin.logentry", "pk": 6, "fields": {"action_time": "2023-02-08T22:53:33.981Z", "user": 5, "content_type": 3, "object_id": "1", "object_repr": "Sędziowie", "action_flag": 2, "change_message": "[{\"changed\": {\"fields\": [\"Permissions\"]}}]"}}, {"model": "admin.logentry", "pk": 7, "fields": {"action_time": "2023-02-09T09:59:40.913Z", "user": 5, "content_type": 7, "object_id": "8", "object_repr": "test ogranizator", "action_flag": 1, "change_message": "[{\"added\": {}}]"}}, {"model": "admin.logentry", "pk": 8, "fields": {"action_time": "2023-02-09T13:29:08.939Z", "user": 5, "content_type": 3, "object_id": "3", "object_repr": "Organizator", "action_flag": 2, "change_message": "[{\"changed\": {\"fields\": [\"Permissions\"]}}]"}}, {"model": "auth.permission", "pk": 1, "fields": {"name": "Can add log entry", "content_type": 1, "codename": "add_logentry"}}, {"model": "auth.permission", "pk": 2, "fields": {"name": "Can change log entry", "content_type": 1, "codename": "change_logentry"}}, {"model": "auth.permission", "pk": 3, "fields": {"name": "Can delete log entry", "content_type": 1, "codename": "delete_logentry"}}, {"model": "auth.permission", "pk": 4, "fields": {"name": "Can view log entry", "content_type": 1, "codename": "view_logentry"}}, {"model": "auth.permission", "pk": 5, "fields": {"name": "Can add permission", "content_type": 2, "codename": "add_permission"}}, {"model": "auth.permission", "pk": 6, "fields": {"name": "Can change permission", "content_type": 2, "codename": "change_permission"}}, {"model": "auth.permission", "pk": 7, "fields": {"name": "Can delete permission", "content_type": 2, "codename": "delete_permission"}}, {"model": "auth.permission", "pk": 8, "fields": {"name": "Can view permission", "content_type": 2, "codename": "view_permission"}}, {"model": "auth.permission", "pk": 9, "fields": {"name": "Can add group", "content_type": 3, "codename": "add_group"}}, {"model": "auth.permission", "pk": 10, "fields": {"name": "Can change group", "content_type": 3, "codename": "change_group"}}, {"model": "auth.permission", "pk": 11, "fields": {"name": "Can delete group", "content_type": 3, "codename": "delete_group"}}, {"model": "auth.permission", "pk": 12, "fields": {"name": "Can view group", "content_type": 3, "codename": "view_group"}}, {"model": "auth.permission", "pk": 13, "fields": {"name": "Can add content type", "content_type": 4, "codename": "add_contenttype"}}, {"model": "auth.permission", "pk": 14, "fields": {"name": "Can change content type", "content_type": 4, "codename": "change_contenttype"}}, {"model": "auth.permission", "pk": 15, "fields": {"name": "Can delete content type", "content_type": 4, "codename": "delete_contenttype"}}, {"model": "auth.permission", "pk": 16, "fields": {"name": "Can view content type", "content_type": 4, "codename": "view_contenttype"}}, {"model": "auth.permission", "pk": 17, "fields": {"name": "Can add session", "content_type": 5, "codename": "add_session"}}, {"model": "auth.permission", "pk": 18, "fields": {"name": "Can change session", "content_type": 5, "codename": "change_session"}}, {"model": "auth.permission", "pk": 19, "fields": {"name": "Can delete session", "content_type": 5, "codename": "delete_session"}}, {"model": "auth.permission", "pk": 20, "fields": {"name": "Can view session", "content_type": 5, "codename": "view_session"}}, {"model": "auth.permission", "pk": 21, "fields": {"name": "Can add league", "content_type": 6, "codename": "add_league"}}, {"model": "auth.permission", "pk": 22, "fields": {"name": "Can change league", "content_type": 6, "codename": "change_league"}}, {"model": "auth.permission", "pk": 23, "fields": {"name": "Can delete league", "content_type": 6, "codename": "delete_league"}}, {"model": "auth.permission", "pk": 24, "fields": {"name": "Can view league", "content_type": 6, "codename": "view_league"}}, {"model": "auth.permission", "pk": 25, "fields": {"name": "Can add user", "content_type": 7, "codename": "add_user"}}, {"model": "auth.permission", "pk": 26, "fields": {"name": "Can change user", "content_type": 7, "codename": "change_user"}}, {"model": "auth.permission", "pk": 27, "fields": {"name": "Can delete user", "content_type": 7, "codename": "delete_user"}}, {"model": "auth.permission", "pk": 28, "fields": {"name": "Can view user", "content_type": 7, "codename": "view_user"}}, {"model": "auth.permission", "pk": 29, "fields": {"name": "Can add all possible answers", "content_type": 8, "codename": "add_allpossibleanswers"}}, {"model": "auth.permission", "pk": 30, "fields": {"name": "Can change all possible answers", "content_type": 8, "codename": "change_allpossibleanswers"}}, {"model": "auth.permission", "pk": 31, "fields": {"name": "Can delete all possible answers", "content_type": 8, "codename": "delete_allpossibleanswers"}}, {"model": "auth.permission", "pk": 32, "fields": {"name": "Can view all possible answers", "content_type": 8, "codename": "view_allpossibleanswers"}}, {"model": "auth.permission", "pk": 33, "fields": {"name": "Can add questions", "content_type": 9, "codename": "add_questions"}}, {"model": "auth.permission", "pk": 34, "fields": {"name": "Can change questions", "content_type": 9, "codename": "change_questions"}}, {"model": "auth.permission", "pk": 35, "fields": {"name": "Can delete questions", "content_type": 9, "codename": "delete_questions"}}, {"model": "auth.permission", "pk": 36, "fields": {"name": "Can view questions", "content_type": 9, "codename": "view_questions"}}, {"model": "auth.permission", "pk": 37, "fields": {"name": "Can add all test", "content_type": 10, "codename": "add_alltest"}}, {"model": "auth.permission", "pk": 38, "fields": {"name": "Can change all test", "content_type": 10, "codename": "change_alltest"}}, {"model": "auth.permission", "pk": 39, "fields": {"name": "Can delete all test", "content_type": 10, "codename": "delete_alltest"}}, {"model": "auth.permission", "pk": 40, "fields": {"name": "Can view all test", "content_type": 10, "codename": "view_alltest"}}, {"model": "auth.permission", "pk": 41, "fields": {"name": "Can add question test", "content_type": 11, "codename": "add_questiontest"}}, {"model": "auth.permission", "pk": 42, "fields": {"name": "Can change question test", "content_type": 11, "codename": "change_questiontest"}}, {"model": "auth.permission", "pk": 43, "fields": {"name": "Can delete question test", "content_type": 11, "codename": "delete_questiontest"}}, {"model": "auth.permission", "pk": 44, "fields": {"name": "Can view question test", "content_type": 11, "codename": "view_questiontest"}}, {"model": "auth.permission", "pk": 45, "fields": {"name": "Can add user solving", "content_type": 12, "codename": "add_usersolving"}}, {"model": "auth.permission", "pk": 46, "fields": {"name": "Can change user solving", "content_type": 12, "codename": "change_usersolving"}}, {"model": "auth.permission", "pk": 47, "fields": {"name": "Can delete user solving", "content_type": 12, "codename": "delete_usersolving"}}, {"model": "auth.permission", "pk": 48, "fields": {"name": "Can view user solving", "content_type": 12, "codename": "view_usersolving"}}, {"model": "auth.permission", "pk": 49, "fields": {"name": "Can add organise test", "content_type": 13, "codename": "add_organisetest"}}, {"model": "auth.permission", "pk": 50, "fields": {"name": "Can change organise test", "content_type": 13, "codename": "change_organisetest"}}, {"model": "auth.permission", "pk": 51, "fields": {"name": "Can delete organise test", "content_type": 13, "codename": "delete_organisetest"}}, {"model": "auth.permission", "pk": 52, "fields": {"name": "Can view organise test", "content_type": 13, "codename": "view_organisetest"}}, {"model": "auth.permission", "pk": 53, "fields": {"name": "Can add organise test", "content_type": 14, "codename": "add_organisetest"}}, {"model": "auth.permission", "pk": 54, "fields": {"name": "Can change organise test", "content_type": 14, "codename": "change_organisetest"}}, {"model": "auth.permission", "pk": 55, "fields": {"name": "Can delete organise test", "content_type": 14, "codename": "delete_organisetest"}}, {"model": "auth.permission", "pk": 56, "fields": {"name": "Can view organise test", "content_type": 14, "codename": "view_organisetest"}}, {"model": "auth.permission", "pk": 57, "fields": {"name": "Can add user solving", "content_type": 15, "codename": "add_usersolving"}}, {"model": "auth.permission", "pk": 58, "fields": {"name": "Can change user solving", "content_type": 15, "codename": "change_usersolving"}}, {"model": "auth.permission", "pk": 59, "fields": {"name": "Can delete user solving", "content_type": 15, "codename": "delete_usersolving"}}, {"model": "auth.permission", "pk": 60, "fields": {"name": "Can view user solving", "content_type": 15, "codename": "view_usersolving"}}, {"model": "auth.permission", "pk": 61, "fields": {"name": "Can add user test result", "content_type": 16, "codename": "add_usertestresult"}}, {"model": "auth.permission", "pk": 62, "fields": {"name": "Can change user test result", "content_type": 16, "codename": "change_usertestresult"}}, {"model": "auth.permission", "pk": 63, "fields": {"name": "Can delete user test result", "content_type": 16, "codename": "delete_usertestresult"}}, {"model": "auth.permission", "pk": 64, "fields": {"name": "Can view user test result", "content_type": 16, "codename": "view_usertestresult"}}, {"model": "auth.group", "pk": 1, "fields": {"name": "Sędziowie", "permissions": [32, 44]}}, {"model": "auth.group", "pk": 2, "fields": {"name": "Komisja szkoleniowa", "permissions": [29, 30, 32, 37, 38, 39, 40, 33, 34, 35, 36, 41, 42, 43, 44]}}, {"model": "auth.group", "pk": 3, "fields": {"name": "Organizator", "permissions": [4, 10, 12, 5, 6, 7, 8, 29, 30, 31, 32, 37, 38, 39, 40, 33, 34, 35, 36, 41, 42, 43, 44, 21, 22, 23, 24, 25, 26, 27, 28]}}, {"model": "auth.group", "pk": 4, "fields": {"name": "admin", "permissions": [1, 2, 3, 4, 9, 10, 11, 12, 5, 6, 7, 8, 13, 14, 15, 16, 29, 30, 31, 32, 17, 18, 19, 20, 37, 38, 39, 40, 33, 34, 35, 36, 41, 42, 43, 44, 21, 22, 23, 24, 25, 26, 27, 28]}}, {"model": "contenttypes.contenttype", "pk": 1, "fields": {"app_label": "admin", "model": "logentry"}}, {"model": "contenttypes.contenttype", "pk": 2, "fields": {"app_label": "auth", "model": "permission"}}, {"model": "contenttypes.contenttype", "pk": 3, "fields": {"app_label": "auth", "model": "group"}}, {"model": "contenttypes.contenttype", "pk": 4, "fields": {"app_label": "contenttypes", "model": "contenttype"}}, {"model": "contenttypes.contenttype", "pk": 5, "fields": {"app_label": "sessions", "model": "session"}}, {"model": "contenttypes.contenttype", "pk": 6, "fields": {"app_label": "User_manager", "model": "league"}}, {"model": "contenttypes.contenttype", "pk": 7, "fields": {"app_label": "User_manager", "model": "user"}}, {"model": "contenttypes.contenttype", "pk": 8, "fields": {"app_label": "Question_manager", "model": "allpossibleanswers"}}, {"model": "contenttypes.contenttype", "pk": 9, "fields": {"app_label": "Test_manager", "model": "questions"}}, {"model": "contenttypes.contenttype", "pk": 10, "fields": {"app_label": "Test_manager", "model": "alltest"}}, {"model": "contenttypes.contenttype", "pk": 11, "fields": {"app_label": "Test_manager", "model": "questiontest"}}, {"model": "contenttypes.contenttype", "pk": 12, "fields": {"app_label": "Organize_test", "model": "usersolving"}}, {"model": "contenttypes.contenttype", "pk": 13, "fields": {"app_label": "Organize_test", "model": "organisetest"}}, {"model": "contenttypes.contenttype", "pk": 14, "fields": {"app_label": "Organization_test", "model": "organisetest"}}, {"model": "contenttypes.contenttype", "pk": 15, "fields": {"app_label": "Organization_test", "model": "usersolving"}}, {"model": "contenttypes.contenttype", "pk": 16, "fields": {"app_label": "Organization_test", "model": "usertestresult"}}, {"model": "sessions.session", "pk": "yveyhox8tf17ovx9j1d6vc605pwsvmsh", "fields": {"session_data": ".eJxVjMEOwiAQBf-FsyHAQgGP3v0GAssiVQNJaU_Gf9cmPej1zcx7sRC3tYZt0BLmzM5MCnb6HVPEB7Wd5Htst86xt3WZE98VftDBrz3T83K4fwc1jvqtVZEOciHnwQrMUipwPpsJrXBFYbEpaQvorSlkDYITkpIGow1MRghi7w_3OjdS:1pReSK:OSjXPxQ1Q4i503XZflS9PxTUEB-PBm-P7Y8k51Mum7Y", "expire_date": "2023-02-27T19:25:40.303Z"}}, {"model": "Question_manager.allpossibleanswers", "pk": 1, "fields": {"all_kind_answers": "B"}}, {"model": "Question_manager.allpossibleanswers", "pk": 2, "fields": {"all_kind_answers": "P"}}, {"model": "Question_manager.allpossibleanswers", "pk": 3, "fields": {"all_kind_answers": "S"}}, {"model": "Question_manager.allpossibleanswers", "pk": 4, "fields": {"all_kind_answers": "Br"}}, {"model": "Question_manager.allpossibleanswers", "pk": 5, "fields": {"all_kind_answers": "Z"}}, {"model": "Question_manager.allpossibleanswers", "pk": 6, "fields": {"all_kind_answers": "G"}}, {"model": "Question_manager.allpossibleanswers", "pk": 7, "fields": {"all_kind_answers": "J"}}, {"model": "Question_manager.allpossibleanswers", "pk": 8, "fields": {"all_kind_answers": "Rb"}}, {"model": "Question_manager.allpossibleanswers", "pk": 9, "fields": {"all_kind_answers": "K"}}, {"model": "Question_manager.allpossibleanswers", "pk": 10, "fields": {"all_kind_answers": "R"}}, {"model": "Question_manager.allpossibleanswers", "pk": 11, "fields": {"all_kind_answers": "+"}}, {"model": "Question_manager.allpossibleanswers", "pk": 12, "fields": {"all_kind_answers": "+"}}, {"model": "Question_manager.allpossibleanswers", "pk": 13, "fields": {"all_kind_answers": "+"}}, {"model": "Question_manager.allpossibleanswers", "pk": 14, "fields": {"all_kind_answers": "++"}}, {"model": "Question_manager.allpossibleanswers", "pk": 15, "fields": {"all_kind_answers": "++"}}, {"model": "Question_manager.allpossibleanswers", "pk": 16, "fields": {"all_kind_answers": "++"}}, {"model": "Question_manager.allpossibleanswers", "pk": 17, "fields": {"all_kind_answers": "TAK"}}, {"model": "Question_manager.allpossibleanswers", "pk": 18, "fields": {"all_kind_answers": "NIE"}}, {"model": "Test_manager.alltest", "pk": 4, "fields": {"test_name": "Test dla a klasy zmiana", "date": "2023-02-27", "for_league": 1, "created_by": 5, "slug": "test-dla-a-klasy-1675959043"}}, {"model": "Test_manager.alltest", "pk": 5, "fields": {"test_name": "test dla a klasy", "date": "2023-02-24", "for_league": 3, "created_by": 5, "slug": "test-dla-a-klasy-1676035022"}}, {"model": "Test_manager.alltest", "pk": 14, "fields": {"test_name": "zmiana nazwy edycja", "date": "2023-02-17", "for_league": 2, "created_by": 7, "slug": "sss-1676315412"}}, {"model": "Test_manager.questiontest", "pk": 14, "fields": {"test": 4, "question": 5}}, {"model": "Test_manager.questiontest", "pk": 15, "fields": {"test": 4, "question": 6}}, {"model": "Test_manager.questiontest", "pk": 16, "fields": {"test": 5, "question": 6}}, {"model": "Test_manager.questiontest", "pk": 17, "fields": {"test": 5, "question": 5}}, {"model": "Test_manager.questions", "pk": 2, "fields": {"add_question": "Co powinien zrobić sędzia w Starogardzie?", "question_possible_answer": "['B', 'P', 'S', 'Br', 'Z', 'G', 'J', 'Rb', 'K', 'R', '+', '+', '+', '++', '++', '++']", "question_correct_answer": "['R']", "for_league": "['IV liga']", "added_by": 5, "added_date": "2023-02-08T13:15:52.553Z", "modify_date": "2023-02-08T13:15:52.553Z", "slug": "co-powinien-zrobic-sedzia-w-starogardzie-1675862152"}}, {"model": "Test_manager.questions", "pk": 3, "fields": {"add_question": "Co powinien zrobić sędzia jak Filip prowadzi mecz?", "question_possible_answer": "['B', 'P', 'S', 'Br', 'Z', 'G', 'J', 'Rb', 'K', 'R', '+', '+', '+', '++', '++', '++']", "question_correct_answer": "['Z']", "for_league": "['IV liga']", "added_by": 5, "added_date": "2023-02-08T13:44:05.765Z", "modify_date": "2023-02-08T13:44:05.765Z", "slug": "co-powinien-zrobic-sedzia-jak-filip-prowadzi-mecz-1675863845"}}, {"model": "Test_manager.questions", "pk": 4, "fields": {"add_question": "Co zrobi sędzia", "question_possible_answer": "['TAK', 'NIE']", "question_correct_answer": "['NIE']", "for_league": "['Wszystkie']", "added_by": 5, "added_date": "2023-02-08T14:21:08.930Z", "modify_date": "2023-02-08T14:21:08.930Z", "slug": "co-zrobi-sedzia-1675866068"}}, {"model": "Test_manager.questions", "pk": 5, "fields": {"add_question": "Zawodnik kopnał się w czoło", "question_possible_answer": "['Z']", "question_correct_answer": "['Z']", "for_league": "['Wszystkie']", "added_by": 5, "added_date": "2023-02-09T12:51:45.415Z", "modify_date": "2023-02-09T12:51:45.415Z", "slug": "zawodnik-kopna-sie-w-czoo-1675947105"}}, {"model": "Test_manager.questions", "pk": 6, "fields": {"add_question": "Gdy Filip jest słaby", "question_possible_answer": "['B', 'P', 'S', 'Br', 'G', 'J', 'Rb', 'K', 'R', '+', '+', '+', '++', '++', '++']", "question_correct_answer": "['G', '++', '++', '++']", "for_league": "['Wszystkie']", "added_by": 7, "added_date": "2023-02-10T12:43:21.391Z", "modify_date": "2023-02-10T12:43:21.391Z", "slug": "gdy-filip-jest-saby-1676033001"}}, {"model": "Test_manager.questions", "pk": 7, "fields": {"add_question": "testowe pytanie do printu", "question_possible_answer": "['B', 'P', 'S', 'Br', 'Z', 'G', 'J', 'Rb', 'K', 'R', '+', '+', '+', '++', '++', '++']", "question_correct_answer": "['K']", "for_league": "['IV liga']", "added_by": 10, "added_date": "2023-02-13T11:03:32.202Z", "modify_date": "2023-02-13T11:03:32.202Z", "slug": "testowe-pytanie-do-printu-1676286212"}}, {"model": "Test_manager.questions", "pk": 9, "fields": {"add_question": "inne testowe pytanie sprawdzenie sortowania", "question_possible_answer": "['B', 'P', 'S', 'Br', 'Z', 'G', 'J', 'Rb', 'K', 'R', '+', '+', '+', '++', '++', '++']", "question_correct_answer": "['+', '+', '+', '++', 'B', 'Br', 'P', 'S', 'Z']", "for_league": "['IV liga']", "added_by": 10, "added_date": "2023-02-13T11:09:18.552Z", "modify_date": "2023-02-13T11:09:18.552Z", "slug": "inne-testowe-pytanie-sprawdzenie-sortowania-1676286558"}}, {"model": "User_manager.user", "pk": 5, "fields": {"password": "pbkdf2_sha256$390000$PF48JW5N9KRc0dZDP6OsQk$1ds/x9YiMgK/WHC1UWEzo+aCrWzj6rg7Ta0tZjwkEW4=", "last_login": "2023-02-13T19:25:00.237Z", "is_superuser": true, "username": "admin", "first_name": "", "last_name": "", "email": "admin@op.pl", "is_staff": true, "is_active": true, "date_joined": "2023-02-08T12:26:09.725Z", "phone_number": null, "league": null, "slug": "admin-1675859170", "groups": [4], "user_permissions": []}}, {"model": "User_manager.user", "pk": 6, "fields": {"password": "pbkdf2_sha256$390000$Y9LKWqHqvyjhgcZuRk9GJ5$lD8jSx+GFwOSr6MP96Jq+yE1DqiEUn0xG28b4MHdis4=", "last_login": "2023-02-13T15:31:18.247Z", "is_superuser": false, "username": "ogorek@wp.pl", "first_name": "Adam", "last_name": "Kwapisiewicz", "email": "", "is_staff": false, "is_active": true, "date_joined": "2023-02-08T12:44:22.234Z", "phone_number": 123456, "league": 4, "slug": "ogorekwppl-1675860262", "groups": [1], "user_permissions": []}}, {"model": "User_manager.user", "pk": 7, "fields": {"password": "pbkdf2_sha256$390000$dRFHmvk9hknpALrRbtJXna$tqQ/u7G6qlrOvRsyPYEtRUC3GDzr6VsFutVROzTATqA=", "last_login": "2023-02-13T18:53:46.783Z", "is_superuser": false, "username": "uprkomisja@wp.pl", "first_name": "testuprawnien", "last_name": "komisjaszk", "email": "", "is_staff": false, "is_active": true, "date_joined": "2023-02-08T21:54:19Z", "phone_number": 12345, "league": 2, "slug": "uprkomisjawppl-1675893259", "groups": [2], "user_permissions": []}}, {"model": "User_manager.user", "pk": 8, "fields": {"password": "pbkdf2_sha256$390000$A21yhf0g44xBKZcPZlh7Vk$mkZJfesgOspCdCwCTa0eXh4OJmxHxSmMrP725fA73i8=", "last_login": "2023-02-09T13:15:39.153Z", "is_superuser": false, "username": "uprkomisja3@wp.pl", "first_name": "test", "last_name": "jorg", "email": "aaaa@aaa.aaa", "is_staff": false, "is_active": true, "date_joined": "2023-02-09T09:58:37Z", "phone_number": 222333111, "league": 4, "slug": "testdiosajdadjnas", "groups": [2], "user_permissions": []}}, {"model": "User_manager.user", "pk": 9, "fields": {"password": "pbkdf2_sha256$390000$N5un0L6WFruQSmUQ2Bzvni$WJ//ibo2Z0ovUdXG3Fw2LRL/On4oEYlvRsNM8CWhe5A=", "last_login": null, "is_superuser": false, "username": "sss", "first_name": "Mati", "last_name": "Stępniak", "email": "", "is_staff": false, "is_active": true, "date_joined": "2023-02-09T12:41:56.829Z", "phone_number": 12345789, "league": 2, "slug": "sss-1675946517", "groups": [1], "user_permissions": []}}, {"model": "User_manager.user", "pk": 10, "fields": {"password": "pbkdf2_sha256$390000$z42k61kSt7MoICfBO5RJWV$fCpNMPdE7DIsJGJu/GxOfRFC42vjGVouB31sJtAdd58=", "last_login": "2023-02-13T19:25:40.298Z", "is_superuser": false, "username": "uprkomisja2@wp.pl", "first_name": "upr", "last_name": "komisja2", "email": "", "is_staff": false, "is_active": true, "date_joined": "2023-02-10T11:48:08.668Z", "phone_number": 2145789, "league": 1, "slug": "uprkomisja2wppl-1676029688", "groups": [3], "user_permissions": []}}, {"model": "User_manager.league", "pk": 1, "fields": {"which_league": "IV liga", "slug": "iv-liga-1675858870"}}, {"model": "User_manager.league", "pk": 2, "fields": {"which_league": "Klasa okręgowa", "slug": "klasa-okregowa-1675858870"}}, {"model": "User_manager.league", "pk": 3, "fields": {"which_league": "Klasa A", "slug": "klasa-a-1675858870"}}, {"model": "User_manager.league", "pk": 4, "fields": {"which_league": "Klasa B", "slug": "klasa-b-1675858870"}}, {"model": "User_manager.league", "pk": 5, "fields": {"which_league": "Obserwator", "slug": "obserwator-1675858870"}}, {"model": "User_manager.league", "pk": 6, "fields": {"which_league": "Wszystkie", "slug": "wszystkie-1675858870"}}, {"model": "Organization_test.organisetest", "pk": 1, "fields": {"test_for_league": 1, "test_number": 4, "date_time": "2023-02-15T12:54:00Z", "slug": "2023-02-15-1354000100iv-liga-1676292849"}}, {"model": "Organization_test.organisetest", "pk": 2, "fields": {"test_for_league": 2, "test_number": 4, "date_time": "2023-02-16T19:21:00Z", "slug": "2023-02-16-2021000100klasa-okregowa-1676316063"}}, {"model": "Organization_test.organisetest", "pk": 3, "fields": {"test_for_league": 6, "test_number": 5, "date_time": "2023-02-23T19:21:00Z", "slug": "2023-02-23-2021000100wszystkie-1676316076"}}, {"model": "Organization_test.usersolving", "pk": 25, "fields": {"user": 10, "test_number": 4, "question": 14, "user_response": "['Z']", "result": 1.0}}, {"model": "Organization_test.usersolving", "pk": 26, "fields": {"user": 10, "test_number": 4, "question": 15, "user_response": "['Z']", "result": 0.0}}, {"model": "Organization_test.usertestresult", "pk": 8, "fields": {"test_number": 4, "user": 10, "result": 1.0, "organise_test_slug": 1}}]